1980 USA Olympic Team|||80's Robot|||90's Adventure Bear (character)|||A-Bomb|||A-Lan|||A.R.F. (character)|||Able|||Absolem|||Abu|||Ace|||Achilles (Hercules)|||Admiral Ackbar|||Marvin Acme|||Admiral Raddus|||King Agnarr|||Agustín Madrigal|||Ahadi|||Akela|||Al|||Aladar|||Aladdin (character)|||Alador Blight|||Alan Coleman|||Alan Twitty|||Alan-A-Dale|||Albert the Monkey|||Alberto|||Alberto and Antonio|||Alberto Scorfano|||Aldarn|||Alexander (Hercules)|||Alexander Hamilton|||Sam Alexander|||Alley Cats|||Alonzo|||Amal|||The Amazing Spider-Man|||Ambrose|||Ammand the Corsair|||Amos|||Anchor|||Councilor Andam|||Mr. Andersen's Emotions|||Mr. Andersen|||Cassian Andor|||Andre Dupas|||Andre Wilson|||Andres Padillo|||Andrew Jacoby|||André (Planes: Fire & Rescue)|||Andy Stanley|||Angel Donald|||Anger|||Animal|||Annabel Banks|||Duke Anoi|||Anon|||Ant Colony|||Antie|||Anton|||Antonio Agama|||Antonio Madrigal|||Joseph Anza|||AP-5|||Apatosaurus|||Ape|||Apollo (Fantasia)|||Apollo (Hercules)|||Apollo (The Little Mermaid)|||The Apprentice (character)|||User:Arabela13/Sandbox 2|||Aramis|||Arata, Hideo, and Yumi|||Archdeacon|||Archimedes|||Archimedes (The Little Mermaid)|||Ardehl|||Ares|||Arlo|||Armadylan|||Arren|||Arrival Agent|||Mr. Arrow|||Artemis Fowl I|||Artemis Fowl II|||King Arthur (Legend of the Three Caballeros)|||Artie|||Asgardians|||Nigel Ashcroft|||Ashitaka|||Aslan|||Athos|||Attila|||Ava (T.O.T.S.)|||Avengers|||Prince Axel|||Azaad|||Alec Azam|||B-Dawg|||B.E.N.|||B.O.B.|||B.O.Y.D.|||Baboons|||Baby Baboon|||Baby Panda (Timon & Pumbaa)|||Baby Red Bird|||Babyface|||Bacchus (Fantasia)|||The Backson|||Badili|||Big Bad|||Bagheera|||Bailey|||Bug Bailey|||Baker (Into the Woods)|||Baloo|||Balsam|||Balthazar Cavendish|||Bambi (character)|||Bandersnatch|||Bando|||George Banks|||Michael Banks|||Dave Barbarian|||Hector Barbossa|||Barko|||Barnaby|||Bucky Barnes|||Beary Barrington|||Barry and Bob|||Sir Bart|||Sir Bartleby|||Bashful|||Basil of Baker Street|||Bass|||Basuli|||Battlestar|||Cory Baxter|||Victor Baxter|||Booker Baxter-Carter|||Bayard|||Zeke Baylor|||Baymax|||BB-8|||Babydoll Beagle|||Boom-Boom Beagle|||Beaker|||Zeke Beakerman|||Bean Bunny|||Bear (Bear in the Big Blue House)|||Fozzie Bear|||Beardini the Pirate Magician|||Beast|||Beast (Marvel)|||Beast (Timon & Pumbaa)|||Skunky Beaumont|||Mr. Beaver|||Beck|||Jonah Beck|||Beetle|||The Beets|||Eega Beeva|||Ben (Descendants)|||Ben Ali Gator|||Ben Kendall|||Ben Parker|||Benny (Gnomeo & Juliet)|||Benny (The Wild)|||Benny the Cab|||Berlioz|||Bernard (Santa Clause)|||Bernard (The Rescuers)|||Bert|||Bertram Winkle|||Beshte|||Big Baby|||The Big Friendly Giant|||Big Hero 6 (team)|||Big Jet|||Big Nose|||Bill (Schoolhouse Rock!)|||Billy (Air Buddies)|||Billy Dilley|||Bing Bong|||Bingo (Puppy Dog Pals)|||Jar Jar Binks|||Thackery Binx|||Bertie Birdbrain|||Black Barty|||Black Bolt|||The Black Cube of Darkness|||Black Knight|||Black Panther|||Blade|||Balthazar Blake|||Blanky|||Blaster|||Blaze|||Blaze (101 Dalmatians)|||Boomer Bledsoe|||Kurt Blobberts|||Blood Spider|||King Blowhard|||Blue Umbrella|||Matt Bluestone|||Mikey Blumberg|||Blunk|||Derek Blunt|||Uncle Boaris|||King Bob|||Bob (Puppy Dog Pals)|||Bob the Dog|||Bonkers D. Bobcat|||Bobo the Bear|||Bodger|||Bodhi|||Bog King|||Chief Bogo|||Bolt (character)|||Troy Bolton|||Gordon Bombay|||Captain Buzzard Bones|||Bongo the Bear|||Bonzo|||BooGoo|||The Bookseller|||Boomer (Lloyd in Space)|||Boone Wiseman|||Harry Booth|||Borg|||Felix Boulevardez|||Boun|||Roger Bowman|||The Boy|||Br'er Rabbit|||Alan Bradley|||Brady (Teen Beach Movie)|||Brain (dog)|||Professor Brainard|||Brethren Court|||Jack Brewer|||Brewster the Beast Trapper|||Ezra Bridger|||Captain Brieux|||Britina|||Broadway|||Brobots|||Dirk Brock|||Skeeter Bronson|||Bronty|||Brooklyn|||Django Brown|||Sheriff Sam Brown|||Professor Emelius Browne|||Barbara Brownstein|||Bruin|||Bruni|||Bruno (Cinderella)|||Bruno (Winnie the Pooh)|||Bruno Carrelli|||Bruno Madrigal|||Bruton|||Colonel Geoffrey Brydon|||Bubba the Cave Duck|||Cobra Bubbles|||Buck|||Buck Cluck|||Bucky (Jake and the Never Land Pirates)|||Bucky Bug|||Bucky the Squirrel|||Budd Skriff|||Budderball|||Buddha|||Buddy (Gummi Bears)|||Buff Frog|||Bullseye|||Bumblelion|||Bunga|||Bungo|||Paul Bunyan (character)|||Bupu|||BURN-E (character)|||Burners|||Buster (Toy Story)|||Mr. Busy|||Butch (The Good Dinosaur)|||Billy Butcherson|||Buttercup|||Harold Buttowski|||Honey Buttowski|||Kick Buttowski (character)|||Buzz Blitzman|||Buzz Lightyear|||Buzz-Buzz the Bee|||Buzzie, Flaps, Ziggy, and Dizzy|||Buzzy|||Buzzy Crocker|||C-3PO|||C1-10P|||Cadenza|||Luke Cage|||Cal Kestis|||Calculator|||Caleb|||Miles Callisto|||Lando Calrissian|||Calvin O'Keefe|||Calvin Wheeler|||Scott Calvin|||Camilo Madrigal|||Lincoln Campbell|||Marco Campbell|||Cannonball (Marvel)|||Canoe|||Capitaine Chevalle|||Captain (101 Dalmatians)|||Captain (Cinderella)|||Captain Al Bahtross|||Captain America|||Captain Colonel|||Captain Crandall|||Captain Grime|||Captain Quaid|||Captain Super Captain|||Ned Cauphee|||Mr. Capulet|||José Carioca|||Carlos|||Carlos the Frog|||Don Carlton|||Carter and Trygstad|||Carter Reynolds|||Colonel Hank Carter|||John Carter (character)|||Dr. Carver|||Carver Descartes|||Casey (Make Mine Music)|||Casey Jones|||Casey Junior|||Henry Casey|||Cash|||Prince Cashmere|||Caspian X|||Cassim|||Sir Cassius|||Cat|||Catboy|||The Catfish Club Band|||Graham Cavanaugh|||Cavin|||Cedric|||Cedric the Sorcerer|||Mr. Centipede|||Chairmouse|||Cham Syndulla|||Chance|||Jason Chandler|||The Chang Triplets|||Chaos|||Charles Wallace Murry|||Charlie (Finding Nemo)|||Charlie (The Brave Little Toaster)|||Charlie Calvin|||Charlie Rawlins|||Charlie-27|||Charlton J. Taboret|||Prince Charming|||Prince Arthur Charming|||Chatter Telephone|||Cheese|||Chef Bouche|||Chef Louis|||Chef Remy Bones|||Chen Honghui|||Chessur|||Chewbacca|||Tony Chiccolini|||Chicken Little (1943 character)|||Chicks|||Chief (Fish Hooks)|||Chief Big Bear|||Chief Keewazi|||Chief O'Hara|||Chief Quimby|||Chief Zephyr|||The Chief|||Child Detection Agency|||The Children of Hamelin|||Chilkoot|||Chillbeard|||Chillbeard Jr.|||Chip (The Muppets)|||Chip and Dale|||Chiro|||Amadeus Cho|||Chomp|||Mr. Chomp|||Hans Christian Andersen (character)|||Prince Christopher|||Chuck (Motorcity)|||Chuckles the Clown|||Chug|||Chum|||Church of the Force|||Cinderella's Prince|||Circus Bugs|||Ethan Clade|||Jaeger Clade|||Searcher Clade|||Clanker|||Clarence Monroe|||Clarence Skunker Thurston|||Classic Loki|||Santa Claus|||Clawhauser|||Clay|||Clifford|||Cloak and Dagger (Marvel)|||Clone Troopers|||Clooney|||Clopin|||Cloud (Kingdom Hearts)|||Will Cloud|||Clover Leaf|||CLU|||Chicken Little (2005 character)|||Coach Boomer|||Coat Rack|||Arliss Coates|||Conrad Cockatoo|||Cody (The Rescuers)|||Cogsworth|||Sir Colby|||Coldstone|||Harry Coleman|||Collie|||Mr. Collingwood|||Colonel|||Colonel Critchlow Sunchbench|||Colorful Triangles|||Colossus (X-Men)|||Colt Bronco|||Coltrane|||Combat Carl|||Comet|||Comet Guy|||Commander Burnside|||Commander Cody|||Commander Peepers|||The Commander|||Computer and Mouse|||Conall|||Conor|||Conseil|||Constance Contraire|||Charlie Conway|||Coop Hatchback|||Cooper Barton|||Alexander Cooper|||Chad Dylan Cooper|||Ernie Cooper|||Cornelius Coot|||Copper|||Sam Cortez|||Clyde Cosgrove|||Cosmic Creepers|||Cosmo the Spacedog|||Cotton|||Phil Coulson|||Phil Coulson (LMD)|||Cowardly Lion|||Fenton Crackshell|||Craig Trotter|||Ichabod Crane|||Crash (Pirates of the Caribbean)|||Bob Cratchit|||Peter Cratchit|||Xyler and Craz|||The Crew of the Black Pearl|||Cri-Kee|||Cricket Green|||Jiminy Cricket|||Crockett|||Davy Crockett|||Crom|||Michael Cromwell|||Dusty Crophopper|||Cropsy|||Crosshair|||Danny Crowe|||The Crows|||Cal Crudon|||Crush|||Cubby|||Neil Apestrong|||Ninja of 2005|||Randy Cunningham|||Curley Baker|||Curtis|||Curtis (Santa Clause)|||Cut Lawquane|||Cutler|||Cyclops (Marvel)|||Cyrus (Once Upon a Time in Wonderland)|||D'Artagnan|||D-O|||D.C.|||Don DaGradi|||Dallben|||Ethan Dalloway|||Dalmatian Puppies|||Poe Dameron|||Chad Danforth|||Daniel (The Little Mermaid)|||User:Daniel Carrero/Zorrinho|||Daniel Colter|||Daniel Davenport|||Daniel Turner|||Moochie Daniels|||Wilby Daniels|||Danny (101 Dalmatians)|||Danny Darling|||Danny Douglas|||Dante|||Daredevil|||Daredevil (The Legend of Sleepy Hollow)|||Dick Daring|||Todd Daring|||Darius|||Darkwing Duck (character)|||John Darling|||Michael Darling|||Darwin|||Prince Dastan|||Dave (Marvel)|||Dave Secord|||Douglas Davenport|||Richie Davenport|||Adam Davenport|||David Jacobs|||David Q. Dawson|||Mr. Dawes Jr.|||Dawkins|||Sir Dax|||Carlos De Vil|||Uncle Deadly|||Deathlok (Michael Peterson)|||Bobby Deaver|||Winston Deavor|||Cyrus Debarge|||Defenders (team)|||Mr. Delancey|||Delgado|||Dell Clawthorne|||Lord Demanitus|||Denahi|||Max Dennison|||Arthur Dent|||Deputy Peck|||Deputy Sniffer|||Derek (Good Luck Charlie)|||Derek (The Cheetah Girls)|||Derrick (Pirates of the Caribbean)|||Detective Casey|||T.J. Detweiler|||Dev|||Devil Dinosaur|||Dewey (fairy)|||Rhomann Dey|||Dez Wade|||Marco Diaz|||Mr. and Mrs. Diaz|||Dick Tracy, Jr.|||Max Dickens|||Diego de la Vega|||Diesel|||Lloyd Diffy|||Digger (102 Dalmatians)|||The Diggers|||Diggie Smalls|||Presto DiGiotagione|||Dijon|||Dingo|||Dexter Dingus|||Fair Dinkum|||Dinky and Boomer|||Donnie Dion|||Dionysus|||Disney Animal Friends|||Walt Disney (Saving Mr. Banks character)|||District 5 Ducks|||Djali|||Django|||Din Djarin|||Dobermans|||Doc|||Doctor Strange|||Dodger|||Dodo|||Doli|||Domovoi Butler|||Donald Drake and Plato|||Donald Ross|||Heinz Doofenshmirtz|||Roger Doofenshmirtz|||Roger Dooley|||The Doorknob|||Dopey|||Dr. Delbert Doppler|||Double-O Duck and Mata Harrier|||Doug (Descendants)|||Doug Clancy|||Dave Douglas|||Jim Douglas|||Dr. J.L. Baterista|||Dr. Teeth|||Dr. Teeth and the Electric Mayhem|||Dr. Watson|||The Dragon Council|||Japanese Dragon|||Dragons|||Dragons (American Dragon: Jake Long)|||Doofus Drake|||Dr. Drakken|||Drax the Destroyer|||Dream Eater|||Dreamfinder|||Drosselmeyer|||Druig|||Daniel Drumm|||Albert Du Bois|||Irving Du Bois|||Will Du|||The Duck Avenger|||Donald Duck|||Fethry Duck|||Duckworth|||Ducky and Bunny|||Duffle|||Duffy the Disney Bear|||Dug|||Duke (Fantasia)|||Duke Caboom|||Dum Dum Dugan|||Dumbo (character)|||Duncan P. Anderson|||Bob Duncan|||Frank Duncan|||Gabe Duncan|||Mel Duncan|||PJ Duncan|||Sandy Dunes|||Dutch Gordy|||Dylan|||DZ|||Eagle-Eye|||Earth Giants|||Earthworm|||Echo (Star Wars)|||Eddie Horton|||Eddie Jones|||King Edmund|||Eduardo Villanueva|||Edward|||Prince Edward|||Eeyore|||Anton Ego|||King Eidilleg|||Einstein|||Eleroo|||Eli La Bouff|||Eli the Elf|||Elio Solis|||The Elk|||Ellie O'Brien|||Elliott|||Elliott (Chip 'n Dale Rescue Rangers)|||Elliott Cohen|||Ellyvan|||Elmer Elephant (character)|||Ember Lumen|||Emile|||Emira and Edric Blight|||User:Emmaboo60|||Enhanced Individuals|||Ephraim and Mira Bridger|||Prince Eric|||Eric Matthews|||Erik Josten|||Ernie (The Brave Little Toaster)|||Abraham Erskine|||Galen Erso|||Chancellor Esteban|||Ethan (Austin & Ally)|||Ethan (Sky High)|||Evan|||Ryan Evans|||Everett Ross|||Michael Evers|||Evinrude|||Ewoks|||Experiments|||Eyes and Ears|||Ezra|||Fa Zhou|||Celia Facilier|||Fagin|||Albert Falls|||Fandral|||White Fang (character)|||Fantastic Four (team)|||Farmer Stinky|||Cookie (Atlantis: The Lost Empire)|||Fasir|||Father Christmas|||Father Robinson|||Father Time|||Fear|||Fear and Terror|||Featherstone|||Fix-It Felix Jr.|||Sao Feng|||Fenn Rau|||Ferdinand the Bull (character)|||Fergie the White Rabbit|||King Fergus|||Fergus Fox|||Fester|||Boba Fett|||Fezziwig|||Fflewddur Fflam|||Fidget the Bat|||Morty and Ferdie Fieldmouse|||Fife|||Fifteen Cent|||Fifth Brother|||Figaro|||Figaro's Angel|||Figment|||Fillmore (Cars)|||Cornelius Fillmore|||Dr. Finkelstein|||Finn|||Finn the Mer-Boy|||Finnick|||Firefly Family|||Fironic|||The First King|||First Ninja|||Fish Out of Water (Chicken Little)|||Fisher|||Oscar the Fish|||Kit Fisto|||Prometheus Five|||Fives|||Flapjack|||Flash the Wonder Dog (character)|||Nosedive Flashblade|||Wildwing Flashblade|||Ferb Fletcher|||Flik|||Flint (Marvel)|||Rick Flint|||Flit|||Flounder|||Flower|||Floyd Pepper|||Flubber (character)|||Fluffy (102 Dalmatians)|||Fluke and Rudder|||Flying Gauchito|||The Flying Mouse (character)|||Flynn Rider|||Captain Flynn|||Kevin Flynn|||Phineas Flynn|||Sam Flynn|||Flynt and Mungo|||Phileas Fogg|||Foggy Nelson|||Tommy Ford|||Forest Animals (Snow White and the Seven Dwarfs)|||Forky|||Fox (Narnia)|||Uncle Art|||Francis|||Francisco|||Frank (The Rescuers)|||Frank Inn (character)|||Frank Wolff|||Frankenstein's Monster|||Victor Frankenstein|||Frankie (Meet the Robinsons)|||Fred (Big Hero 6)|||Fred Holywell|||Freddy (T.O.T.S.)|||King Frederic|||Frederick|||Mr. Frederickson|||Carl Fredricksen|||Freedo|||Friar Tuck|||Friar Tuck (1952 character)|||Friendly Neighborhood Spider-Man|||Fritz (Monsters, Inc.)|||Frobo|||Fronk Fegnugen|||Captain Frost|||Frozone|||Fu Dog|||Fun Meal Buzz Lightyear|||Doug Funnie|||Funny the Talking House|||Nick Fury|||Félix Madrigal|||Agent G|||Gabe Núñez|||Gabriella Espinosa|||Gadgetmobile|||Sir Gallant|||Captain Gantu|||Don Rio Garcia|||Manny Garcia|||Gary (The Muppets)|||Benjamin Gates|||Gazerbeam|||Gyro Gearloose|||Gekko|||Gelatoni|||Gene the Genie|||General Li|||Genie|||Geno and Gurri|||Geoff|||George (Paperman)|||George Jr.|||George of the Jungle (character)|||Georgie Banks|||Geppetto|||Gerald|||Guy Germaine|||Saw Gerrera|||Gerry Bertier|||Gerry Garner|||The Ghost of Christmas Yet to Come|||The Giant (Goldie and Bear)|||Joshamee Gibbs|||Sir Giles|||Gilgamesh|||Gill|||Giovanni Battista Caproni|||Git|||Rodney Glaxer|||Bud Gleeful|||Global Justice|||Globby|||Globgor|||Glockenspiel|||Gloria Estefan|||Glossaryck|||Gnomeo|||Go-Go|||Gobu|||Greg Goldberg|||Golden Ticket|||Goliath|||Goliath II (character)|||Goliath the Lion|||Robert Gonzales|||Gonzo|||Gonzorgo and Roderigo|||Cyrus Goodman|||Arizona Goof|||James Goof|||Max Goof|||Goofles|||Goofy|||Mr. Goose|||Gopher (Winnie the Pooh)|||David Gordon|||Gorgon|||The Grand Duke|||The Grand Inquisitor|||Grand Pabbie|||Mr. Grasshopper|||Levi Grayson|||Great Grand Dude|||The Great Prince of the Forest|||Greef Karga|||Green Army Men|||Green Bat|||Bill Green|||Timothy Green|||Greenbeard|||Greg (Out)|||Greg Heffley|||Gremlin Gus|||Gremlins|||Grey|||Nate Grey|||Shane Grey|||Mason Greyback|||Greylock the Grand|||Gribble|||Griff|||Griff Halloran|||Dr. Griffiths|||Grimsby|||Gus Griswald|||Blue Grit|||Gritty|||Vladimir Gryzlikoff|||John Groberg|||Grogu|||Gron|||Groot|||Grubby|||Gruff|||Grumpy|||The Gryphon and the Mock Turtle|||Guaca|||Guardians of the Galaxy (team)|||Guardians of the Multiverse|||Guido|||Gummi Bears|||Chummi Gummi|||Cubbi Gummi|||Gruffi Gummi|||Tummi Gummi|||Zummi Gummi|||The Gump|||Gungans|||Gunpowder|||Gurgi|||Gus (Partly Cloudy)|||Gus Porter|||Gustav Goose|||Gustavo|||Auguste Gusteau|||Gusto Gummi|||Haechi|||Haku|||Terry Hall|||Hiro Hamada|||Tadashi Hamada|||Hamm|||Hamster|||Hanging Lamp|||Hank|||Hansel|||Hansel and Gretel|||Hanuman|||Happy|||Happy Medium|||Check "Grin" Hardwing|||Harold Hatchback|||Harrison|||Harvey and Winnie|||Hatbox Ghost|||Colonel Hathi|||Hattie Hatter|||Boris Hauntley|||Georges Hautecourt|||Hawkeye|||Jim Hawkins (Muppet Treasure Island)|||Jim Hawkins (Treasure Island)|||Jim Hawkins (Treasure Planet)|||Hawthorne|||Hay Wagon Band|||He-Lectrix|||Hearing Aid|||Heathcliff|||Hector Zeroni|||Heebee & Jeebee|||Heffalumps|||Hego|||Heihei|||Heimdall|||Leonard Helperman|||Spot Helperman|||Daimon Helstrom|||Henry (W.I.T.C.H.)|||Henry Hugglemonster (character)|||John Henry (character)|||Bucky Hensletter|||Herbie|||Hercule Poirot|||Hercules (character)|||Herman|||Baby Herman|||Hermes|||Hermod Odinson|||Hero's Duty Troops|||Herr Rhino|||Tarrant Hightopp|||Hikaru Akatsuki|||Johnny Hitswell|||Officer Hobble|||Hobo Cookie|||Happy Hogan|||Link Hogthrob|||Hogun|||Dan Holland|||Zeke Holloway|||Sherlock Holmes|||General Hologram|||Holt Farrier|||King Homer|||Homework|||Dr. Bunsen Honeydew|||Hook Foot|||Hook Hand|||J. Gander Hooter|||Hooty|||Hop Pop Plantar|||Horace (Kick Buttowski)|||Andrew Hornby|||Horace Horsecollar|||Frank Horton|||Howard the Duck|||Howling Commandos|||King Hubert|||Huckleberry Finn|||Hudson|||Doc Hudson|||Huey, Dewey, and Louie|||Hugo and Hooft|||Prince Hugo|||Hulk|||Human Torch|||Humphrey Gokart|||Hunter|||Hunter (Star Wars)|||Jeremy Hunter|||Lance Hunter|||Hurley|||Hustler Kid|||Mr. Hyde|||Hyperion (Marvel)|||Héctor|||Iago|||Ian Boothby|||Icarus|||Iceman|||Ignatius|||Ikaris|||Illuminati (Marvel)|||Imagination Movers (characters)|||Imanuel Doza|||Chirrut Îmwe|||Mr. Incredible|||Indian Chief|||Inferno|||Inspector Gadget (character)|||Iron Fist|||Iron Gus|||Iron Legion|||Iron Man|||Irving Forbush|||Isadore Eyesore|||Isaiah Bradley|||Ivan|||Ivan the Gorilla|||Pete Ivey|||J.P. (T.O.T.S.)|||Jack (Laugh-O-Gram shorts)|||Jack A. Bear|||Jack and Jill|||Jack Bruno|||Jack Conroy|||Jack Kelly|||Jack Magary|||Jack Savage|||Jack the Monkey|||Monterey Jack|||Jackalope|||Jacks|||Steve Jackson|||Whistlestop Jackson|||Jacob (Motorcity)|||Jake (Kim Possible)|||Jake (Pirate)|||Jake (The Rescuers)|||Jamal Webber|||James Lafayette Jr.|||Barron James|||Bennett James|||Prince James|||Stan Mordecai James|||Thomas James|||Jan Dodonna|||Janja|||Jaq and Gus|||Jarek Yeager|||Kanan Jarrus|||Edwin Jarvis|||Jasiri's Clan|||Jason|||Jason Grey|||Sir Jaxon|||Jay (Descendants)|||King Jean-Claude|||Jeb|||Jedi|||Jedi Temple Guards|||Prince Jeeki|||Jeeter|||Jerry (Soul)|||Jerry Shepard|||Jess Aarons|||Jim Craig|||Jim Dear|||Jim Evers|||Jimmy Legs|||Jimmy Ocean|||Qui-Gon Jinn|||Joaquin|||Joaquin Torres|||Jock|||Captain Joe|||Joe (Melody Time)|||Joe Farrier|||Joe Gardner|||Headphone Joe|||John (Cruella)|||John (WALL-E)|||John Banks|||Johnny Appleseed|||Johnny's Angel|||Davy Johns|||Butch Johnson|||Jeremy Johnson|||Jeremy Johnson (2nd Dimension)|||JoJo Diggety|||Jonathan Boy|||Jonathan Pangborn|||Constable Jones|||Indiana Jones|||Shedlock Jones|||Jumba Jookiba|||Jorgen Svenson and Sven Jorgenson|||Joseph|||Josh Framm|||Juggo|||Juju|||Julius the Cat|||Jun Sato|||Jungle Patrol|||Junior the Buffalo|||Junior Woodchucks|||Junior, River, and Louise|||Junkshop Appliances|||Derek Jupiter|||Justice Ducks|||Prince Justin|||K-2SO|||Ka-Zar|||Kai (Gargoyles)|||Kai (Good Luck Charlie)|||Agent Kallus|||Milo Kamalani|||Karl Mordo|||Carl Karl|||Karnak|||Dave Karp|||Karun Patel|||Kashekim Nedakh|||Kate Wetherall|||David Kawena|||Kaz|||Kazeem|||Kazuda Xiono|||Harley Keener|||Maxwell Keep|||Kel Dors|||Jai Kell|||Zeke Kelso|||Ken Carson|||Ken Wu|||Kenai|||Obi-Wan Kenobi|||Kerchak|||Kermit the Frog|||Governor Kevin|||Kevin Grant-Gomez|||Khan|||Khonshu|||The Kindergartners|||The King (Cinderella)|||King (The Owl House)|||King Agon|||The King (Cars)|||Joe Kingman|||Kingo|||Kion|||Kip Killian|||Kipper|||Kirby|||Kirby (Chicken Little)|||Kirby Buckets (character)|||Kit Cloudkicker|||Kitendo|||Kixx|||KnowsMore|||George Knox|||Kocoum|||Koda|||Koko|||Koleniko|||Everett Konquist|||Plo Koon|||Kopa|||Korg|||Kovu|||Krebbs|||Kristoff|||Kronk|||Krushauer|||Kuiil|||Councilor Kukulkhan|||Councilor Kulde|||Kuzco|||Kyle Cooper|||Duke L'Orange|||Lab Coat Kid 1|||Labrador|||Chris Lair|||Tom Lair|||Lamb|||Lampie|||Lampy|||Lance|||Lance Strongbow|||Lancelot|||Lancelot, Galahad, Kay, and Bors|||Lanky Schmidt|||Lanny|||Cousin Larry|||Larry (Home on the Range)|||Larry (The Wild)|||Lars|||Owen Lars|||Alex Larson|||Vince LaSalle|||Lau Xing|||Loki Laufeyson|||Lea|||Dieter Liederhosen|||Lefty|||Legend|||Lekmet|||Librarian Lendrum|||Lenny|||Leo (Gargoyles)|||Leo (Little Einsteins)|||Leonard Kanifky|||Leonhard Seppala|||Leopard Men|||Lester Averman|||Peyton Leverett|||Myron Lewinski|||Lewis Robinson|||Lexington|||Li Shang|||Liam Jones|||Lieutenant Mattias|||Lieutenant Pug|||Wayne Liggett|||Barley Lightfoot|||Ian Lightfoot|||Wilden Lightfoot|||Alfredo Linguini|||Link (Tron: Uprising)|||Linwood|||Lion Guard|||Lambert Lion|||Lionel|||Lionel Griff|||Stan Lipkowski|||Lisa and Chad|||Coach Little|||Little Evil|||Little Green Men|||Little Hans|||Little John|||Little John (1952 character)|||Little Toot (character)|||Lizard Footmen|||Lobo|||Leopold Loggle|||Lonesome Ghosts (characters)|||Long John Silver (Treasure Island)|||Gregory (American Dragon: Jake Long)|||Jake Long|||Loopy|||Lor San Tekka|||Lord Dingwall|||Lorenzo (character)|||Lorenzo Paguro|||Lost Boys|||Lou (character)|||King Louie|||Louis (The Princess and the Frog)|||Louis (The Rescuers)|||Johnny Lovely|||Lovey, Jeff, and Crazy Eyes|||Sander Loya|||Luc|||Luca Paguro|||Joe Lucas|||Kevin Lucas|||Nick Lucas|||Lucky (101 Dalmatians)|||Lucky Jack|||Luigi|||Luis|||Luke|||Luke (Halloweentown)|||Lumiere|||Lumpy|||Lyle|||Eric Lyndon|||Lysil and Angwin|||M'Baku|||M-O|||Jaren MacArthur|||Angus MacBadger|||Michael MacBride|||Mack|||Ham Mack|||Mackenzie|||The Madrigals|||Maestro D'Elfman|||Magic Carpet|||Magic Man|||Magneto|||Gunther Magnuson|||Magus|||Mainframe|||Francis Monogram|||Makoki|||Makuu|||Baze Malbus|||Man-Thing|||Man-Wolf|||Mangani|||Manhattan Clan|||Manny the Headless Man-Horse|||Maraca Boy|||Marcus|||Mariano Guzmán|||Marius von Fundshauser|||Peter Mark|||Markl|||Markowski|||Marlin|||R.K. Maroon|||Marshall|||Marsupilami (character)|||Mart Mattin|||Martian Mickey|||Martin (My Favorite Martian)|||Martin (The Parent Trap)|||Cody Martin|||Zack Martin|||President Richard Martinez|||Marty (Pirates of the Caribbean)|||Masked Tophat|||Mason McCormick|||Massimo Marcovaldo|||Master Gracey|||Masters of the Mystic Arts|||Mater|||Matteo Silva|||Cory Matthews|||Maui|||Maurice|||Max (Flight of the Navigator)|||Uncle Max|||Max (The Little Mermaid)|||Maximus|||Sir Maxwell|||Terrence Maybeck|||Chad Mayonnaise|||Mayor Baba|||Mayor of Halloween Town|||Mbita|||Xander McCormick|||Captain B. McCrea|||Scrooge McDuck|||Joe Magee|||McGregor Houghton|||Rob McGroarty|||Finn McMissile|||Douglas McNoggin|||Launchpad McQuack|||Ripcord McQuack|||Kirk McQuarrie|||Lightning McQueen|||Rumble McSkirmish|||McSweats|||Conrad Meacham|||Meap|||Meeko|||Megasis/Captain Canine|||Mego|||Ram Mehta|||Herman Melville|||Melvin, Buff, and Max|||Luis Mendoza|||Menlo|||Merc|||Merlin|||Merlin (The Sorcerer's Apprentice)|||Merpeople|||Antoc Merrick|||Merrie Men|||Mice|||Mickey's Scooter|||Micro Ducks|||Microphone Mike|||Microwave|||Middleton High School Cheerleaders|||Mighty Joe Young (character)|||Migs, Luna, and Skylar|||Mike Chilton|||Mr. Mike|||Mikey|||Miles|||Milligan Wetherall|||Henry Mills|||Milo (Mars Needs Moms)|||Milo the Fish|||Lord Milori|||Mimi-Siku Cromwell|||Mini Maui|||Mini-Max|||Minos and Fatima|||Minotaur (Marvel)|||Misha, Yasha, and Vladimir|||Mission Force One|||Mo Morrison|||Mobius|||Modem|||Mike Moe|||Mohatu|||Moki|||Mole (The Adventures of Ichabod and Mr. Toad)|||Molecule Kid|||Mr. Flaco Moleguaco|||Gaetan Molière|||Momakase|||Monsieur Toilette|||Brad Montergoe|||Monty Monogram|||Mooch (G-Force)|||Moon Knight|||Austin Moon|||Moonfish|||Moonwind|||Moose|||Morad Sumar|||Morbius|||Dean Moriarty|||Morogo|||Morph|||Morris the Midget Moose|||Kirby Morris|||Officer Morton|||Moses Puloki|||Dr. Mouse|||Mouse King (The Nutcracker and the Four Realms)|||Mickey Mouse|||Timothy Q. Mouse|||Mouseheads|||Mousey the Great|||Mowgli|||Mr. Codfish|||Mr. Doozy|||Mr. Easter Bunny|||Mr. Flaversham|||Mr. Manny|||Mr. Mittens|||Mr. Potato Head|||Mr. X (character)|||Mtoto|||MudBud|||Herb and Binkie Muddlefoot|||Honker Muddlefoot|||Mufasa|||The Mukhtar|||Mulch Diggums|||Multi-Bear|||Booster Munchapper|||Murgatroid|||Hank Murphy|||Mr. Murry|||Mushu|||Musketeers|||Mr. Mussels|||Mutant Toys|||Taffyta Muttonfudge|||Myrna Jablonski|||Myron the Bulk|||Lord Henry Mystic|||N'Kantu, the Living Mummy|||Nail|||Napoleon (W.I.T.C.H.)|||Napoleon and Lafayette|||The Narrator|||Nash and Ramsey|||Nasty Jack|||Nate Foster|||Nathaniel|||Nathaniel Barton|||Vern Natoma|||Natsilane|||Prince Naveen|||Neal Cassidy|||Commander Nebula|||Lloyd Nebulon|||Ned Land|||Ned Leeds|||Ned Needlemeyer|||Needleman and Smitty|||Neeku Vozo|||Neewa|||Nefu|||Neil (Raven's Home)|||Danny Neilson|||Nemo|||Fred Nerk|||Nestor & Meleager|||Never Fairies|||New Warriors|||Newton Star|||Nicely Done|||Nicholas Benedict|||Nicholas Devereaux|||Nico|||Nien Nunb|||Nigel (Finding Nemo)|||Nigel (The Wild)|||Nigel Taylor|||Night Pride|||Nikki|||Noah (character)|||Nobi|||Noel|||The Nokk|||Norex|||Norm|||James Norrington|||Timothy North|||Northuldra|||Nosh|||Nosy|||King Nova|||Nova Corps|||Danny O'Farrell|||Gregg O'Hara|||Thomas O'Malley|||Oberon|||Kraglin Obfonteri|||Doctor Octopus|||Thor Odinson|||Master Offay|||Officer Hamm and Officer Cheets|||Officer Kirby and Officer Muldoon|||Ogilvey|||Oliver Oken|||Olaf|||Old Lace|||Old Tim|||Old Yeller (character)|||Oliver|||Oliver (Mighty Med)|||Oliver Warbucks|||Ollie|||Matt Olsen|||Olympian Gods|||Lanny Onasis|||One-Eyed Wally|||Ongis|||Ono|||Ooh and Aah|||Oomiak|||Ootek|||Oozma Kappa|||Eric Orben|||Order of the Red Daggers|||Bail Organa|||Organization Without a Cool Acronym|||Orion (Sofia the First)|||The Orphans|||Orpheus|||Garazeb Orrelios|||Orso Knox|||Orville (The Rescuers)|||Orville the Baby Bird|||Oso|||Osvaldo|||Oswald the Lucky Rabbit|||Peanut Otter|||Otters|||Otto|||Friend Owl|||Owl (Winnie the Pooh)|||Oz|||Ozker|||P.J.|||P.T. Flea|||Pacha|||Pain and Panic|||Pain King|||Palifico|||Phil Palmfeather|||Peter Pan (character)|||Panchax|||Pantsy|||Papa Heffalump|||Papa Plane|||Papi|||Papi (The Emperor's New Groove)|||Papi Jr.|||Parce|||Paris (Gnomeo & Juliet)|||Boz Parker|||Dr. Vincent Parker|||Cameron Parks|||Darryl Parks|||Dash Parr|||Jack-Jack Parr|||Pascal|||Patch|||Patches|||Patriot (Jeffrey Mace)|||Patriot (Rayshaun Lucas)|||Paul (Inner Workings)|||Paul Rawlins|||Mr. Paulson|||Jim Paxton|||Pazu|||Warren Peace|||Peanut|||Brock Pearson|||Peck|||Pecos Bill (character)|||Peddler|||Pedro (Beverly Hills Chihuahua)|||Pedro (character)|||Pedro Madrigal|||Pegasus|||Sir Pellinore|||Arthur Pendragon|||King Arthur (Gargoyles)|||Howl Jenkins Pendragon|||Peter Penguin|||Penrod|||Pepe the King Prawn|||King Pepi|||Percy (Pocahontas)|||Perry the Platypus|||Perry the Platypus (2nd Dimension)|||Pupert Pesky|||Aldrin Pesky|||Pete|||Pete (Pete's Dragon)|||Peter (Make Mine Music)|||Peter Pig|||Peter Plummer|||Peter the Panda|||Peter's Grandfather|||Officer Petey|||Mr. Pettibone|||Pflip|||Phantom Rider|||Phastos|||Philippe|||Prince Phillip|||Phillip the Nutcracker|||Omar Phillips|||Philoctetes|||Phoebus|||Piccolo|||Pickle|||Pico|||The Pied Piper (character)|||Pierre Aronnax|||Piglet|||Dipper Pines|||Ford Pines|||Stan Pines|||Pinko|||Pinky the Chihuahua|||Pinocchio (character)|||Pintel and Ragetti|||Pip|||Pip (T.O.T.S.)|||Pip the Troll|||Dylan Piper|||Charles Pipping IV|||Lucky Piquel|||Pirate Mummy|||Panchito Pistoles|||Pith Possum|||Charlie Pizer|||PJ Robot|||Pleakley|||Dr. Julius Plumford|||Pluto|||Pluto from Pluto|||Pluto Junior (character)|||Pluto's Angel|||Pluto's Quin-puplets (characters)|||Frankie Polk|||Pongo|||Cleatus Poole|||Riley Poole|||Pops|||Pops Lafayette|||Porco Rosso|||Porcupine (The Fox and the Hound)|||Morkubine Porcupine|||Archimedes Q. Porter|||Porthos|||Dean Portman|||Poseidon|||Dr. James Possible|||Chip Potts|||Agent Powers|||Chief Powhatan|||Luke Pradd|||Preston B. Whitmore|||Pretty Boy|||Mr. Pricklepants|||Peter Prickly|||The Prince|||Principal Slimovitz|||Principal Stickler|||Prison Dog|||Prissy|||Prof. R. Blauerhimmel|||Professor Owl|||Professor X|||Prometheus|||BeBe & CeCe Proud|||Bobby Proud|||Ray Ray Proud, Jr.|||Oscar Proud|||Cyril Proudbottom|||Prowler|||Pub Thugs|||Barney Pudowski|||Puff|||Pumbaa|||Jack Pumpkinhead|||Punisher|||Puppy Paws|||Purrgil|||Pygmy Piglets|||Hank Pym|||Q.T.|||Lord Qin|||Quark|||Quasimodo|||Quicksilver|||Quincy|||Quirin|||R2-D2|||Rabbit|||Roger Rabbit|||Rocket Raccoon|||Walter Raccoon|||Roger Radcliffe|||Radio|||Radioactive Man|||Rafiki|||Raine Whispers|||Rajah|||Rallen|||Ralph the Goblin|||Ram|||Rama|||Soos Ramirez|||Ramon|||Ramone|||Randy Robertson|||Ranjan|||Ranjan's Father|||Rapunzel's Prince|||Ratlin|||Ratso|||Ravagers|||Rawhide Kid|||Mr. Ray|||Ray|||Ray the Sun|||Dan Rayburn|||Raycliff|||Rayon|||RC Car|||Really Nice Guys|||Rebel Pilots|||Red|||Red (Cars)|||Red Bat|||Red Dagger|||Red Guardian|||Lord Redbrick|||Redfeather|||Rod Redline|||Fulton Reed|||Reepicheep|||Reflux|||Reggie the Brownie|||Rei|||John Reid|||Remy|||Remy Remington|||Kylo Ren|||Renard|||Felix Renton|||Reptil|||Rescue Rangers|||Resistance|||Reuben|||Rex|||Rex (Star Wars)|||Reynie Muldoon|||Rhino|||War Machine|||King Richard|||Philsky Richards|||Tex Richman|||Rick Mason|||Riders of Ramond|||Sun Riders|||Riff|||Riku|||Riley (Homeward Bound II)|||Skipper Riley|||Dexter Riley|||Rimshot|||Rintrah|||Rinzler|||Chase Riprock|||River Butterfly|||Enrique Rivera|||Miguel Rivera|||The Riveras|||Rizzo the Rat|||Robbie McGroarty|||Robert Philip|||Robert Rabbit|||Roberto Núñez|||Dwayne Robertson|||Robbie Robertson|||Robin Hood (1952 character)|||Robin Hood (character)|||Robin Hood (Princess of Thieves)|||Robin the Frog|||Christopher Robin|||Bud Robinson|||Ernst Robinson|||Wilbur Robinson|||Rocket|||Roddy Blair|||Rodent (Blotman)|||King Roland II|||John Rolfe|||Rollo|||Rolly|||Rolly (Puppy Dog Pals)|||Romac|||Ron|||Ronaldo|||Roo|||Bodhi Rook|||Parker Rooney|||Roquefort|||Luke Ross|||Ravi Ross|||Thaddeus Ross|||Rowley Jefferson|||Rowlf the Dog|||Roxas|||Royal Guards (Tangled)|||Rubber Chicken|||Rufus (Kim Possible)|||Rufus (The Rescuers)|||Rufus 3000|||Rumblebuffin|||Rumplestiltskin|||The Runaways|||Runt of the Litter|||Russell|||Justin Russo|||Max Russo|||Rusty (Home on the Range)|||Rutt and Tuke|||RX-24|||Ryan|||Jake Ryan|||Ryder Azadi|||Ryder Nattura|||Mr. Rzykruski|||S. Ward Smith|||S.H.U.S.H.|||Garthan Saal|||Peter Sadusky|||Salaman|||Sallah|||Sam the Eagle (Muppets)|||Sam Wilson|||Samson|||Doc Samson|||Samson (The Wild)|||George Sanderson|||Sanjay (Fillmore!)|||Santa Claus (T.O.T.S.)|||Santa Claus (The Nightmare Before Christmas)|||Santa Paws|||Lt. Santino|||Sarge (Cars)|||Sarge (Toy Story)|||Sasha|||Savage Sam (character)|||Scales|||Scamp|||The Scarecrow|||Scarlet Spider|||Will Scarlet|||Scat Cat|||Schoolhouse Rocky (character)|||Richard Schuyler|||Scooter|||Scott Lang|||Jack Scott|||Scratch (The Ghost and Molly McGee)|||Scratchy|||Screech|||Ebenezer Scrooge|||Scrum|||Scuttle|||The Seahorse Herald|||Sebastian|||Sebastian (Beverly Hills Chihuahua)|||Sebastian (Dumbo)|||Sebastian (The Brave Little Toaster)|||Cliff Secord|||Seeker|||Master Sensei|||Sergeant Fizz|||Sergeant Tibbs|||Sexton Mouse|||Shadow|||Shaft|||Shakes|||Shang's Horse|||Shang-Chi|||Shasta|||Deke Shaw|||Shawn Hunter|||Mr. Shelacki|||Kevin Shepherd|||Sheriff|||Sheriff Dan|||Sheriff Scaley Briggs|||Robert B. Sherman|||Luong Lao Shi|||Shinji|||Shiv Katall|||Shiver|||Shnookums and Meat|||Short Round|||Shorty|||Jumbo Shrimp|||Shroom|||Captain Shuggazoom|||Shujaa|||Shō|||Shifty Sidewinder|||Silas|||Silver (The Lone Ranger)|||Silver Surfer|||John Silver|||Simba|||Pucci Simmons|||Baby Sinclair|||Earl Sinclair|||Robbie Sinclair|||Sindbad|||Singe|||The Singing Busts|||Sitka|||Skaar|||Skate Lad|||Jack Skellington|||Skippy (Robin Hood)|||Skrulls|||Skully|||Skunky Skunk|||Rick Sky|||Anakin Skywalker|||Luke Skywalker|||Sled|||Sleech Brothers|||Sleepy|||The Sleuth|||Slinky Dog|||Slush|||Slushy|||Small One (character)|||John Smith|||Smokey|||Captain Abraham Smollett|||Snafu|||Sneezy|||Snibbs|||Snitch|||Ootsie and Bootsie|||Society of Explorers and Adventurers|||Soggy Joe|||Han Solo|||Sora|||Sosuke|||Daniel Sousa|||Sox|||Spamley|||Frank Sparkles|||Sparky (Chip n' Dale Rescue Rangers)|||Sparky (Frankenweenie)|||Sparky (Goof Troop)|||Sparky (Lilo & Stitch)|||Sparky (Planes)|||Sparky (The Rescuers)|||Jack Sparrow|||Speckles|||Speedball|||Speedy the Snail|||Spider-Ham|||Spider-Man|||Spider-Man (Miles Morales)|||Spider-Man 2099|||Spider-Man Noir|||Spider-Slayers|||Spike (Homeward Bound II)|||Spike and Dimitri Robinson|||Spike the Bee|||Spin (character)|||Sergeant Spinelli|||Spirits of the Enchanted Forest|||Splat (Strange World)|||Spot (The Good Dinosaur)|||Sprig Plantar|||Arthur Spudinski|||Spy|||Spyder-Knight|||Squeak|||Squeakers|||Scott Squibbles|||Squirt (The Brave Little Toaster)|||Sri Sumbhajee|||Captain George Stacy|||Stakar Ogord|||Arthur Stanhope|||Ursula Stanhope|||Stanley (Cars)|||Stanley Griff|||Star-Lord|||Starfox|||Howard Stark|||Statler and Waldorf|||Steak Starbolt|||Stealthy|||Steamer Captain|||Steel Spider|||Flint Steel|||King Stefan|||Steggy|||Chase Stein|||Tennessee Steinmetz|||Clifford Sterling|||Lance Sterling|||Steve Stevens|||Steve Walker|||Donnie Stevens|||Louis Stevens|||Ren Stevens|||Jackson Stewart|||Stick|||Sticky Washington|||Stinger|||Stinky (Timon & Pumbaa)|||Stitch|||Stokey|||Stopgo|||Mr. Stoppable|||Ron Stoppable|||Mr. Stork|||Storkules|||Manfred Strang|||Stretch (Handy Manny)|||Crosby Strickler|||Will Stronghold|||Stuff & Thang|||Stuffy|||Dr. Gustav Stumpfel|||Dave Stutler|||Rico Suave|||James P. Sullivan|||The Sultan|||Sultan (Beauty and the Beast)|||Sunny (Strange Magic)|||Sunshine|||Sunspot|||Super Gilly|||Super Goof|||Super Robot|||Supers|||Supreme Commander|||Sven|||Sven (Sofia the First)|||Swamp Folk|||Swampy|||Weatherby Swann|||Sweary the Swan|||The Swedish Chef|||Joshua Sweet|||Sweetums|||Philip Swift|||Adam Szalinski|||Nick Szalinski|||Wayne Szalinski|||Sãhasí|||T'Chaka|||T.V.|||Tabby|||Tai Huang|||Talon (bird)|||Talos|||Tan Roadster|||Tank Gang|||Tanner|||Tantor|||Taran|||Tarzan (character)|||Captain Teague|||Team Go|||Team Impossible (characters)|||Team Possible|||Tech|||Techno|||Ted and Susan Johnson|||Andold "Wild Duck" Temerary|||Terence|||Terra|||Terra (Motorcity)|||Tesh Cheena|||Tetti-Tatti's Sailors|||Tex Dinoco|||Tex McCormick|||Texas (Motorcity)|||Thackery Earwicket|||Thad Ross|||Milo Thatch|||The Blues (Gnomeo & Juliet)|||The Chief of Police|||The Emotions|||The Funmeister|||The Jaguar King|||The Muppets (group)|||The Weasel Trio|||Theodore and Amos|||Theseus|||Thingy|||Thomas|||Eddie Thomas|||Thompson|||Ron Thompson|||Russ Thompson, Jr.|||Zeke Thompson|||Nigel Thrall|||Thrash & Mookie|||Idle Threat|||Three Blind Mouseketeers (characters)|||The Three Little Pigs (characters)|||Throktar|||Thumper|||Canard Thunderbeak|||Thunderbolt|||Thunderbolts|||Dixon Ticonderoga|||Tigger|||Tik-Tok|||Tim O'Hara|||Tim the Ice Cream Man|||Time|||Timekeeper|||Timmy Failure (character)|||Timon|||Tin Soldier|||Tin Woodman|||Tex Tinstar|||Tints|||Tiny (Prep and Landing)|||Tiny Tim|||Tip and Dash|||TippyBlue|||Tito|||Baljeet Tjinder|||J. Thaddeus Toad|||Toadie (Amphibia)|||Toaster|||Toby (The Great Mouse Detective)|||Toby Turtle|||Toby Tyler (character)|||Tod|||Tom|||Tom Lucitor|||Tom Piper|||Tom Sawyer|||Tomber|||Tong|||Tino Tonitini|||Tonto|||Tony (West Side Story)|||Tony and Tia Castaway|||Toodles|||Toon|||Top Bird|||Uncle Topolino|||Toby Tortoise|||Toto|||Toto (The Cat Returns)|||Totoro|||Toulouse|||Jamie Townsend|||Toy Soldiers|||Mr. Toymaker|||Dick Tracy (character)|||Tramp|||Travis Coates|||Travis Sanders|||Captain Treasure Tooth|||Quentin Trembley|||Tres|||Trevor|||Triceratops|||Trigger and Nutsy|||Trip (PKNA)|||Antoine Triplett|||Tristan Wren|||King Triton|||Triton (Hercules)|||Triton (Marvel)|||Tritonio Espada|||Tron (character)|||James Henry Trotter|||Trumpkin|||Trusty|||Jesse Tuck|||Tug|||Tuk Tuk|||Tumnus|||Tuppence|||Officer Langley Turk|||Bootstrap Bill Turner|||Henry Turner|||Will Turner|||Sir Tuxford|||The Tweedle Boys|||Twi'leks|||Two-Cat|||Tyler Nguyen-Baker|||Tyler Powell|||Ash Tyler|||Russ Tyler|||Tylor Tuskmon|||Tynar|||U.S. Agent|||Yondu Udonta|||The Ugly Duckling (character)|||Ulf|||Ultra Buzz Lightyear|||Ultraheroes|||Uncle Jack|||Uncle Remus|||Prince Uncouthma|||Underdog (character)|||Unkbuut|||Urchin|||Urk|||Ursa Major|||Uttamatomakkin|||V.I.N.CENT|||Skeeter Valentine|||Valiant (character)|||Eddie Valiant|||Horatio Vallejo|||Vampires|||Buford Van Stomm|||Jocktopus Ludwig Vandenbush|||VAQ-M|||Varian|||Variants|||Vasquez (Big City Greens)|||Venom|||Derek Venturi|||Edwin Venturi|||Ventus|||Verb|||VIC|||Victor Delgado|||Victor Igthorn|||Victor, Hugo, and Laverne|||Viking 1|||VIN|||Vincent Callisto|||Vincenzo Santorini|||Vinnie Dakota|||Vishnu|||Vision|||Vladimir|||VN-GO|||Volstagg|||Ludwig Von Drake|||Baron Humbert von Gikkingen|||Vonnie Zero|||Waddles|||Waddlesworth|||Wade|||Wade Ripple|||William Wagner|||Wahb|||Waleed|||Frank Walker|||WALL-E (character)|||Stewart Walldinger|||Prince Wally|||Walter|||Walter and Gracie|||Walter Beckett|||Wander|||Adam Warlock|||Warwolf|||Wasabi|||The Watcher|||Water Rat|||Watson the Owl|||John Watson|||Logan Watson|||Waylon and Floyd|||Wayne|||Mike Wazowski|||Ian Wazselewski|||Web-Warriors|||Sticky Webb|||Bob Webber|||Wedge Antilles|||Weeteef Cyubee|||Wego Twins|||Werewolf by Night|||Wes Manning|||Whale|||Wheezelene|||Whiskers|||Mr. Whiskers|||Frankie White|||Whitey|||Willoughby Whitfield|||Finn Whitman|||Whizzer (Marvel)|||Widowmaker|||Howard Weinerman|||Wilbur (The Rescuers)|||Wildcat|||Christopher Wilde|||Nick Wilde|||Wildebeests|||Alex Wilder|||Woodrow Wilkins|||Will Scarlet (1952 character)|||Will Stoneman|||Josh Willcox|||Willie the Giant|||Willie the Whale|||Frank Wilson|||Ron Wilson|||Mace Windu|||Winnie the Pooh|||Winston|||Winter Guard|||Wise Old Parrot|||Seth Wiseman|||Wittgenstein|||Wolf (Air Buddies)|||Li'l Bad Wolf|||Shane Wolfe|||Wolfman|||Wolverine|||Wonder Man|||Wong|||Kwok Wong|||Jimmy Woo|||The Woodcutter|||J. Audubon Woodlore|||Woody|||Wookiees|||Mr. Woolensworth|||Ernest P. Worrell|||Phineas Worrell|||Wreck-It Ralph (character)|||Wrecker|||Danny Wrigley|||Wullf Yularen|||X-Men|||Alexander Fox Xanatos|||Fox Xanatos|||Petros Xanatos|||Xavier (Tangled)|||Xavier and Fred Johnson|||XR|||Yachi|||Michael "Goob" Yagoobian|||Yao, Ling, and Chien Po|||Yax|||Stanley Yelnats II|||Stanley Yelnats III|||Stanley Yelnats IV|||Yen Sid|||Yeti (Monsters, Inc.)|||Yo Yo Flamingo|||Yoda|||Yoda's Species|||Yorick|||Young Artist|||Yun Mibu|||Zabar|||Zabu|||Zach Braun|||King Zahbar|||Jimmy Zara|||Zazu|||Zed|||Zed Necrodopolis|||Zee|||Zephyr|||Zero|||Brock Zero|||Penn Zero|||Zeus (Hercules)|||Zico and Zeca|||Bobby Zimuruski|||Zin and Zang|||Zipper|||Zoot|||Zootopia Police Officers|||Zorro (character)|||Zugor|||Zunar-J-5/9 Doric-4-7|||Zuri (Marvel)